source,scraped_at,url,sku,title,brand,price,currency,original_price,discount_pct,rating,review_count,in_stock,image_url,category,price_source,page,position,mode,sort,item_sku,model_number,price_max,price_per_unit,price_unit,map_pricing,badge,promotion,variant_count,buyable,sold_via,ship_available,pickup_available,store_id,zip_code
tractorsupply.com,2026-09-28T09:30:13.850406+00:00,https://www.tractorsupply.com/tsc/product/fimco-40-gal-4-nozzle-3-point-hitch-sprayer-5302941-1354295,135429599,Fimco 40 gal. 4 Nozzle 3 pt. Hitch Sprayer,Fimco,549.99,USD,699.99,21.4,4.01,789,True,https://media.tractorsupply.com/is/image/TractorSupplyCompany/1354295?$456$,Farm & Ranch > Sprayers > 3 Point Sprayers,api,1,1,category,popular,1354295,5302941,549.99,,,,SALE,,1,True,Online In Stores,True,False,2314,37027
tractorsupply.com,2026-09-28T09:30:13.850453+00:00,https://www.tractorsupply.com/tsc/product/fimco-60-gallon-3-point-hitch-mounted-sprayer-with-7-boomless-boom-hypro-roller-pump-and-coupler-deluxe-handgun-2152251,215225199,"Fimco 60 gal. 3-Point Hitch-Mounted Sprayer with 3-Nozzle Broadcast Boom, Deluxe Handgun Included",Fimco,699.99,USD,1299.99,46.2,3.91,138,False,https://media.tractorsupply.com/is/image/TractorSupplyCompany/2152251?$456$,Farm & Ranch > Sprayers > 3 Point Sprayers,api,1,2,category,popular,2152251,LG-60-3PT-WP-309-BL-TSC,699.99,,,,SALE,,1,True,In Stores Only,False,False,2314,37027
tractorsupply.com,2026-09-28T09:30:13.850474+00:00,https://www.tractorsupply.com/tsc/product/fimco-65-gal-3-point-sprayer-with-45-gpm-pump-deluxe-spray-wand-and-7-nozzle-boom-6001473,600147399,"Fimco 65 Gal 3 Point Sprayer with 4.5 GPM Pump, Deluxe Spray Wand and 7 Nozzle Boom",Fimco,999.99,USD,,,3.95,22,True,https://media.tractorsupply.com/is/image/TractorSupplyCompany/6001473?$456$,Farm & Ranch > Sprayers > 3 Point Sprayers,api,1,3,category,popular,6001473,5303250,999.99,,,,,,1,True,Online Only,True,False,2314,37027
tractorsupply.com,2026-09-28T09:30:13.850491+00:00,https://www.tractorsupply.com/tsc/product/fimco-65-gal-3-point-sprayer-with-6-roller-pump-deluxe-spray-wand-and-7-nozzle-boom-6001474,600147499,"Fimco 65 Gal 3 Point Sprayer with 6 Roller Pump, Deluxe Spray Wand and 7 Nozzle Boom",Fimco,1529.99,USD,,,4.18,22,True,https://media.tractorsupply.com/is/image/TractorSupplyCompany/6001474?$456$,Farm & Ranch > Sprayers > 3 Point Sprayers,api,1,4,category,popular,6001474,5303252,1529.99,,,,,,1,True,Online Only,True,False,2314,37027
tractorsupply.com,2026-09-28T09:30:13.850506+00:00,https://www.tractorsupply.com/tsc/product/fimco-65-gallon-3-point-sprayer-with-7-nozzle-boom-6126943,612694399,Fimco 65 Gallon 3 Point Sprayer with 7 Nozzle Boom,Fimco,1049.99,USD,,,,,True,https://media.tractorsupply.com/is/image/TractorSupplyCompany/6126943?$456$,Farm & Ranch > Sprayers > 3 Point Sprayers,api,1,5,category,popular,6126943,5303254,1049.99,,,,NEWARRIVAL,,1,True,Online Only,True,False,2314,37027
tractorsupply.com,2026-09-28T09:30:13.850522+00:00,https://www.tractorsupply.com/tsc/product/fimco-110-gal-3pt-sprayer-complete-with-6-roller-pump-assembly-22-in-pro-spray-wand-10n-fx4-boom-2528739,252873999,"Fimco 110 gal. 3 pt. Sprayer, Complete With 6 Roller Pump Assembly, 22 in. Pro Spray Wand, 10N, Fx4 Boom",Fimco,2999.99,USD,,,4.0,16,True,https://media.tractorsupply.com/is/image/TractorSupplyCompany/2528739?$456$,Farm & Ranch > Sprayers > 3 Point Sprayers,api,1,6,category,popular,2528739,5303763,2999.99,,,,,,1,True,Online Only,True,False,2314,37027
tractorsupply.com,2026-09-28T09:30:13.850537+00:00,https://www.tractorsupply.com/tsc/product/fimco-45-gal-3-point-sprayer-with-broadcast-boom-6148186,614818699,Fimco 45 gal. 3 Point Sprayer with Broadcast Boom,Fimco,769.99,USD,,,1.0,1,True,https://media.tractorsupply.com/is/image/TractorSupplyCompany/6148186?$456$,Farm & Ranch > Sprayers > 3 Point Sprayers,api,1,7,category,popular,6148186,5303245,769.99,,,,NEWARRIVAL,,1,True,Online Only,True,False,2314,37027
tractorsupply.com,2026-09-28T09:30:13.850551+00:00,https://www.tractorsupply.com/tsc/product/master-mfg-60-gal-3-pt-broadcast-sprayer-no-pump-10-ft-swath-6015742,601574299,"Master Mfg 60 gal., 3 pt. Broadcast Sprayer, No Pump, 10 ft. Swath",Master Mfg,479.99,USD,,,,0,True,https://media.tractorsupply.com/is/image/TractorSupplyCompany/6015742?$456$,Farm & Ranch > Sprayers > 3 Point Sprayers,api,1,8,category,popular,6015742,S3A-24-060N-MM,479.99,,,,NEWARRIVAL,,1,True,Online Only,True,False,2314,37027
tractorsupply.com,2026-09-28T09:30:13.850565+00:00,https://www.tractorsupply.com/tsc/product/fimco-300-gal-3pt-sprayer-complete-with-8-roller-pump-assembly-22-in-pro-spray-wand-17n-fx5-boom-2528745,252874599,"Fimco 300 gal. 3 pt. Sprayer, Complete with 8 Roller Pump Assembly, 22 in. Pro Spray Wand, 17N, Fx5 Boom",Fimco,4929.99,USD,,,4.0,7,True,https://media.tractorsupply.com/is/image/TractorSupplyCompany/2528745?$456$,Farm & Ranch > Sprayers > 3 Point Sprayers,api,1,9,category,popular,2528745,5303771,4929.99,,,,,,1,True,Online Only,True,False,2314,37027
tractorsupply.com,2026-09-28T09:30:13.850583+00:00,https://www.tractorsupply.com/tsc/product/fimco-65-gal-3-point-sprayer-with-6-roller-pump-deluxe-spray-wand-and-brodcast-boom-6001476,600147699,"Fimco 65 gal. 3 Point Sprayer with 6 Roller Pump, Deluxe Spray Wand and Broadcast Boom",Fimco,1499.99,USD,,,3.6,5,True,https://media.tractorsupply.com/is/image/TractorSupplyCompany/6001476?$456$,Farm & Ranch > Sprayers > 3 Point Sprayers,api,1,10,category,popular,6001476,5303253,1499.99,,,,,,1,True,Online Only,True,False,2314,37027
tractorsupply.com,2026-09-28T09:30:13.850602+00:00,https://www.tractorsupply.com/tsc/product/fimco-200-gal-3pt-sprayer-complete-with-8-roller-pump-assembly-22-in-pro-spray-wand-12n-fx4-boom-2528742,252874299,"Fimco 200 gal. 3 pt. Sprayer, Complete with 8 Roller Pump Assembly, 22 in. Pro Spray Wand, 12N, Fx4 Boom",Fimco,3829.99,USD,,,4.14,7,True,https://media.tractorsupply.com/is/image/TractorSupplyCompany/2528742?$456$,Farm & Ranch > Sprayers > 3 Point Sprayers,api,1,11,category,popular,2528742,5303767,3829.99,,,,,,1,True,Online Only,True,False,2314,37027
tractorsupply.com,2026-09-28T09:30:13.850616+00:00,https://www.tractorsupply.com/tsc/product/master-mfg-40-gallon-3-point-broadcast-sprayer-22gpm-10-ft-swath-6015745,601574599,"Master Mfg 40 gal. 3-Point Broadcast Sprayer - 2.2 gpm, 10 ft. Swath",Master Mfg,569.99,USD,,,5.0,3,True,https://media.tractorsupply.com/is/image/TractorSupplyCompany/6015745?$456$,Farm & Ranch > Sprayers > 3 Point Sprayers,api,1,12,category,popular,6015745,S3O-51-040A-MM,569.99,,,,,,1,True,Online Only,True,False,2314,37027
